Brand,Model,Size,Price,Sidewall,Load Index,Speed Rating,Ply Rating,UTQG,Max Single Load(lbs),Max Single Air Pressure(PSI),Tread Depth,Tread Design,Rim Width Range,Measured Rim Width,Section Width,Tread Width,Overall Diameter,Manufacturer #,URL
AMP,Terrain Pro A/T,LT265/70R17,$ 225.99,BSW,121/118,S,E/10PR,Not Available,3195,80,15.1,Not Available,7.0-8.5,Not Available,10.71,Not Available,31.65,2657017AMPCA2,https://www.tires-easy.com/265-70-17/amp-tires/terrain-pro-a-t/tirecode/2657017AMPCA2
AMP,Terrain Attack A/T,305/40R22,Loading,BSW,114,S,Not Available,Not Available,2601,50,13.9,Not Available,10.0-12.0,Not Available,12.3,Not Available,31.6,3054022AMPCA3,https://www.tires-easy.com/305-40-22/amp-tires/terrain-attack-a-t/tirecode/3054022AMPCA3
AMP,Terrain Pro A/T,LT285/70R17,$ 251.99,BSW,121/118,R,E/10PR,Not Available,3195,80,15.1,Not Available,7.5-9.0,Not Available,11.5,Not Available,32.76,2857017AMPCA2,https://www.tires-easy.com/285-70-17/amp-tires/terrain-pro-a-t/tirecode/2857017AMPCA2
AMP,Terrain Attack A/T,LT275/55R20,$ 246.99,BSW,115,S,D/8PR,Not Available,2679,65,15.5,Not Available,9.0-9.0,Not Available,11.18,Not Available,31.89,2755520AMPCA3,https://www.tires-easy.com/275-55-20/amp-tires/terrain-attack-a-t/tirecode/2755520AMPCA3
AMP,Terrain Pro A/T,LT265/60R20,$ 275.99,BSW,121/118,S,E/10PR,Not Available,3195,80,15.1,Not Available,7.5-9.5,Not Available,10.71,Not Available,32.52,2656020AMPCA2,https://www.tires-easy.com/265-60-20/amp-tires/terrain-pro-a-t/tirecode/2656020AMPCA2
AMP,Terrain Attack A/T,LT285/70R17,$ 267.99,BSW,121/118,R,E/10PR,Not Available,3195,80,15.5,Not Available,7.5-9.0,Not Available,11.61,Not Available,32.64,2857017AMPCA3,https://www.tires-easy.com/285-70-17/amp-tires/terrain-attack-a-t/tirecode/2857017AMPCA3
AMP,Terrain Pro A/T,LT275/70R18,$ 259.99,BSW,125/122,R,E/10PR,Not Available,3640,80,15.5,Not Available,7.0-8.5,Not Available,10.98,Not Available,33.19,2757018AMPCA2,https://www.tires-easy.com/275-70-18/amp-tires/terrain-pro-a-t/tirecode/2757018AMPCA2
AMP,Terrain Attack A/T,LT265/50R20,Loading,BSW,121/118,S,E/10PR,Not Available,3195,80,15.5,Not Available,7.5-9.5,Not Available,10.91,Not Available,30.47,2655020AMPCA3,https://www.tires-easy.com/265-50-20/amp-tires/terrain-attack-a-t/tirecode/2655020AMPCA3
AMP,Terrain Pro A/T,LT275/55R20,Loading,BSW,115/112,S,D/8PR,Not Available,2680,65,15.5,Not Available,7.5-9.5,Not Available,11.18,Not Available,31.89,2755520AMPCA2,https://www.tires-easy.com/275-55-20/amp-tires/terrain-pro-a-t/tirecode/2755520AMPCA2
AMP,Terrain Attack M/T,35X15.50R22,$ 457.99,BSW,125,Q,F/12PR,Not Available,3640,80,19.0,Not Available,11.0-14.0,Not Available,15.54,Not Available,34.7,35155022AMPCM2F,https://www.tires-easy.com/35-15.50-22/amp-tires/terrain-attack-m-t/tirecode/35155022AMPCM2F
AMP,Terrain Attack M/T,37X13.50R20,$ 417.99,BSW,127,Q,E/10PR,Not Available,3860,65,19.0,Not Available,8.5-11.0,Not Available,14.0,Not Available,37.0,37135020AMPCM2,https://www.tires-easy.com/37-13.50-20/amp-tires/terrain-attack-m-t/tirecode/37135020AMPCM2
AMP,Terrain Attack M/T,37X13.50R22,$ 419.99,BSW,123,Q,E/10PR,Not Available,3415,65,19.0,Not Available,8.5-11.0,Not Available,14.0,Not Available,37.0,37135022AMPCM2,https://www.tires-easy.com/37-13.50-22/amp-tires/terrain-attack-m-t/tirecode/37135022AMPCM2
AMP,Terrain Attack M/T,LT305/55R20,$ 369.99,BSW,121,Q,E/10PR,Not Available,3195,65,19.0,Not Available,8.5-11.0,Not Available,12.6,Not Available,33.39,3055520AMPCM2,https://www.tires-easy.com/305-55-20/amp-tires/terrain-attack-m-t/tirecode/3055520AMPCM2
AMP,Terrain Attack M/T,37X12.50R22,$ 396.99,BSW,127,Q,F/12PR,Not Available,3860,80,19.53,Not Available,8.5-11.0,Not Available,12.52,Not Available,36.76,37125022AMPCM2F,https://www.tires-easy.com/37-12.50-22/amp-tires/terrain-attack-m-t/tirecode/37125022AMPCM2F
AMP,Terrain Attack M/T,33X13.50R24,$ 403.99,BSW,121,Q,F/12PR,Not Available,3200,80,19.53,Not Available,Not Available,11.0,13.58,Not Available,32.52,33135024AMPCM2F,https://www.tires-easy.com/33-13.50-24/amp-tires/terrain-attack-m-t/tirecode/33135024AMPCM2F
AMP,Terrain Attack M/T,LT325/50R22,$ 394.99,BSW,122,Q,E/10PR,Not Available,3305,65,19.0,Not Available,9.0-12.0,Not Available,13.0,Not Available,34.8,3255022AMPCM2,https://www.tires-easy.com/325-50-22/amp-tires/terrain-attack-m-t/tirecode/3255022AMPCM2
AMP,Terrain Attack A/T,LT265/70R17,$ 227.99,BSW,121/118,S,E/10PR,Not Available,3195,80,15.5,Not Available,7.0-8.5,Not Available,10.71,Not Available,31.65,2657017AMPCA3,https://www.tires-easy.com/265-70-17/amp-tires/terrain-attack-a-t/tirecode/2657017AMPCA3
AMP,Terrain Attack M/T,37X12.50R17,$ 409.99,BSW,124,Q,E/10PR,Not Available,3520,50,19.0,Not Available,9.5-10.5,10.0,13.5,Not Available,37.0,37125017AMPCM2,https://www.tires-easy.com/37-12.50-17/amp-tires/terrain-attack-m-t/tirecode/37125017AMPCM2
AMP,Terrain Pro A/T,LT295/65R20,$ 328.99,BSW,129/126,R,E/10PR,Not Available,4080,80,15.5,Not Available,8.0-10.0,Not Available,11.77,Not Available,35.12,2956520AMPCA2,https://www.tires-easy.com/295-65-20/amp-tires/terrain-pro-a-t/tirecode/2956520AMPCA2
AMP,Terrain Pro A/T,LT285/55R22,Loading,BSW,124/121,R,E/10PR,Not Available,3525,80,15.5,Not Available,8.5-10.0,Not Available,11.7,Not Available,34.4,2855522AMPCA2,https://www.tires-easy.com/285-55-22/amp-tires/terrain-pro-a-t/tirecode/2855522AMPCA2
AMP,Terrain Attack M/T,33X14.50R22,$ 405.99,BSW,117,Q,F/12PR,Not Available,2835,80,19.0,Not Available,10.0-13.0,11.5,14.46,Not Available,32.7,33145022AMPCM2F,https://www.tires-easy.com/33-14.50-22/amp-tires/terrain-attack-m-t/tirecode/33145022AMPCM2F
AMP,Terrain Attack M/T,LT285/55R20,$ 314.99,BSW,122,Q,E/10PR,Not Available,3305,80,19.0,Not Available,8.0-10.0,Not Available,11.2,Not Available,32.3,2855520AMPCM2,https://www.tires-easy.com/285-55-20/amp-tires/terrain-attack-m-t/tirecode/2855520AMPCM2
AMP,Terrain Pro A/T,LT325/60R20,$ 332.99,BSW,126/123,S,E/10PR,Not Available,3750,65,17.3,Not Available,9.0-12.0,Not Available,13.03,Not Available,35.35,3256020AMPCA2,https://www.tires-easy.com/325-60-20/amp-tires/terrain-pro-a-t/tirecode/3256020AMPCA2
AMP,Terrain Pro A/T,LT305/55R20,$ 311.99,BSW,121/118,S,E/10PR,Not Available,3195,65,17.3,Not Available,8.5-11.0,Not Available,12.44,Not Available,33.23,3055520AMPCA2,https://www.tires-easy.com/305-55-20/amp-tires/terrain-pro-a-t/tirecode/3055520AMPCA2
AMP,Terrain Attack A/T,LT305/55R20,$ 306.99,BSW,121/118,S,E/10PR,Not Available,3195,65,15.5,Not Available,8.5-11.0,Not Available,13.03,Not Available,33.15,3055520AMPCA3,https://www.tires-easy.com/305-55-20/amp-tires/terrain-attack-a-t/tirecode/3055520AMPCA3
AMP,Terrain Attack A/T,35X12.50R20,$ 310.99,BSW,121,R,E/10PR,Not Available,3195,80,15.5,Not Available,8.5-11.0,Not Available,12.5,Not Available,35.0,35125020AMPCA3,https://www.tires-easy.com/35-12.50-20/amp-tires/terrain-attack-a-t/tirecode/35125020AMPCA3
AMP,Terrain Pro A/T,LT315/70R17,$ 325.99,BSW,121/118,R,E/10PR,Not Available,3195,65,15.1,Not Available,8.0-11.0,Not Available,12.72,Not Available,34.41,3157017AMPCA2,https://www.tires-easy.com/315-70-17/amp-tires/terrain-pro-a-t/tirecode/3157017AMPCA2
AMP,Terrain Pro A/T,LT275/65R20,$ 309.99,BSW,126/123,S,E/10PR,Not Available,3750,80,15.1,Not Available,7.5-9.5,Not Available,10.98,Not Available,34.09,2756520AMPCA2,https://www.tires-easy.com/275-65-20/amp-tires/terrain-pro-a-t/tirecode/2756520AMPCA2
AMP,Terrain Attack A/T,35X12.50R22,$ 379.99,BSW,122,R,E/10PR,Not Available,3305,80,15.5,Not Available,8.5-11.0,Not Available,12.5,Not Available,35.0,35125022AMPCA3,https://www.tires-easy.com/35-12.50-22/amp-tires/terrain-attack-a-t/tirecode/35125022AMPCA3
AMP,Terrain Attack M/T,LT285/65R18,$ 310.99,BSW,125,Q,E/10PR,Not Available,3640,80,19.0,Not Available,8.0-10.0,Not Available,11.93,Not Available,32.83,2856518AMPCM2,https://www.tires-easy.com/285-65-18/amp-tires/terrain-attack-m-t/tirecode/2856518AMPCM2
